GeneId,GeneName
ENSG00000237948,MTATP6P20
ENSG00000254931,MTATP6P15
ENSG00000262381,MTATP6P24
ENSG00000263483,MTATP6P3
ENSG00000234003,MTATP6P27
ENSG00000240409,MTATP8P1
ENSG00000248527,MTATP6P1
ENSG00000229842,MTATP6P13
ENSG00000233449,MTATP6P14
ENSG00000229604,MTATP8P2
ENSG00000236878,MTATP6P26
ENSG00000232990,MTATP6P7
ENSG00000236590,MTATP6P4
ENSG00000284167,MTATP6P5
ENSG00000224299,MTATP6P16
ENSG00000235433,MTATP6P17
ENSG00000249580,MTATP6P22
ENSG00000248420,MTATP6P9
ENSG00000270307,MTATP6P2
ENSG00000262095,MTATP6P25
ENSG00000218776,MTATP6P31
ENSG00000283547,MTATP6P8
ENSG00000283626,MTATP6P10
ENSG00000227035,MTATP6P18
ENSG00000226392,MTATP6P21
ENSG00000228316,MTATP6P19
ENSG00000228097,MTATP6P11
ENSG00000226998,MTATP6P30
ENSG00000232179,MTATP6P29
ENSG00000230755,MTATP6P23
ENSG00000228122,MTND1P17
ENSG00000229088,MTND1P10
ENSG00000255123,MTND5P21
ENSG00000254747,MTND4LP18
ENSG00000255316,MTND6P25
ENSG00000255055,MTND1P35
ENSG00000254565,MTND2P26
ENSG00000253245,MTND1P36
ENSG00000258239,MTND2P17
ENSG00000257858,MTND1P24
ENSG00000226118,MTND3P1
ENSG00000228597,MTND4P1
ENSG00000232447,MTND5P3
ENSG00000229622,MTND5P2
ENSG00000227714,MTND6P18
ENSG00000258762,MTND4P33
ENSG00000258923,MTND5P35
ENSG00000259593,MTND5P40
ENSG00000259626,MTND3P12
ENSG00000259379,MTND5P32
ENSG00000263177,MTND1P8
ENSG00000262107,MTND6P33
ENSG00000261904,MTND5P33
ENSG00000262322,MTND4P34
ENSG00000262259,MTND4LP24
ENSG00000263196,MTND3P13
ENSG00000260067,MTND4LP25
ENSG00000260147,MTND5P34
ENSG00000227225,MTND1P14
ENSG00000228725,MTND2P12
ENSG00000283879,MTND6P35
ENSG00000264168,MTND1P15
ENSG00000263914,MTND2P13
ENSG00000236483,MTND2P40
ENSG00000225972,MTND1P23
ENSG00000225630,MTND2P28
ENSG00000225514,MTND1P34
ENSG00000233595,MTND2P29
ENSG00000227937,MTND2P30
ENSG00000234099,MTND4P11
ENSG00000235794,MTND3P21
ENSG00000238256,MTND5P20
ENSG00000235638,MTND6P14
ENSG00000231199,MTND5P19
ENSG00000226663,MTND4P10
ENSG00000231582,MTND4LP21
ENSG00000232714,MTND3P8
ENSG00000225723,MTND6P15
ENSG00000227860,MTND5P18
ENSG00000226700,MTND4P25
ENSG00000225045,MTND5P27
ENSG00000224695,MTND6P7
ENSG00000230158,MTND1P28
ENSG00000230950,MTND2P21
ENSG00000233286,MTND3P10
ENSG00000243104,MTND4LP14
ENSG00000234065,MTND4P26
ENSG00000223549,MTND5P28
ENSG00000238046,MTND5P22
ENSG00000237722,MTND1P29
ENSG00000231954,MTND2P22
ENSG00000283940,MTND3P15
ENSG00000230548,MTND4P27
ENSG00000234934,MTND5P29
ENSG00000248136,MTND6P8
ENSG00000227275,MTND6P10
ENSG00000235080,MTND5P23
ENSG00000231777,MTND4P21
ENSG00000283865,MTND3P18
ENSG00000234939,MTND2P18
ENSG00000234576,MTND1P26
ENSG00000231567,MTND2P19
ENSG00000223921,MTND1P27
ENSG00000226839,MTND6P11
ENSG00000224852,MTND5P24
ENSG00000232772,MTND4P22
ENSG00000236300,MTND4LP12
ENSG00000227557,MTND3P9
ENSG00000229701,MTND2P20
ENSG00000233709,MTND4P28
ENSG00000233039,MTND5P30
ENSG00000233248,MTND6P9
ENSG00000227348,MTND5P25
ENSG00000225796,MTND4P23
ENSG00000235318,MTND4LP13
ENSG00000224590,MTND3P16
ENSG00000234731,MTND4LP16
ENSG00000249177,MTND4P29
ENSG00000227841,MTND5P31
ENSG00000233134,MTND3P17
ENSG00000241221,MTND4LP17
ENSG00000227454,MTND4P30
ENSG00000232631,MTND2P23
ENSG00000227795,MTND4LP9
ENSG00000241787,MTND4P16
ENSG00000239632,MTND4LP3
ENSG00000242214,MTND3P6
ENSG00000243658,MTND5P16
ENSG00000240034,MTND6P6
ENSG00000239586,MTND1P16
ENSG00000240796,MTND2P14
ENSG00000242178,MTND4P17
ENSG00000240084,MTND4LP10
ENSG00000240824,MTND3P7
ENSG00000231888,MTND5P15
ENSG00000251252,MTND2P31
ENSG00000251212,MTND5P4
ENSG00000250050,MTND4P9
ENSG00000248133,MTND4LP22
ENSG00000251353,MTND3P5
ENSG00000248946,MTND3P22
ENSG00000249893,MTND6P16
ENSG00000250169,MTND5P13
ENSG00000248259,MTND4LP31
ENSG00000249045,MTND3P24
ENSG00000283131,MTND2P41
ENSG00000251449,MTND1P19
ENSG00000251149,MTND5P5
ENSG00000249770,MTND6P17
ENSG00000248748,MTND5P9
ENSG00000248548,MTND4P8
ENSG00000249127,MTND3P3
ENSG00000248907,MTND2P33
ENSG00000251407,MTND1P22
ENSG00000250389,MTND6P2
ENSG00000251544,MTND5P12
ENSG00000254132,MTND6P3
ENSG00000270230,MTND6P22
ENSG00000271687,MTND5P10
ENSG00000270906,MTND4P35
ENSG00000270350,MTND4LP5
ENSG00000271480,MTND3P19
ENSG00000249119,MTND6P4
ENSG00000248923,MTND5P11
ENSG00000247627,MTND4P12
ENSG00000198868,MTND4LP30
ENSG00000249192,MTND3P25
ENSG00000219087,MTND4LP19
ENSG00000220733,MTND3P20
ENSG00000220514,MTND4LP20
ENSG00000216713,MTND4P13
ENSG00000283481,MTND4LP32
ENSG00000225295,MTND4P4
ENSG00000228440,MTND5P6
ENSG00000283311,MTND6P29
ENSG00000230764,MTND1P4
ENSG00000237309,MTND2P6
ENSG00000227584,MTND4P5
ENSG00000230531,MTND5P7
ENSG00000248704,MTND4P2
ENSG00000248315,MTND4LP2
ENSG00000230052,MTND3P2
ENSG00000230252,MTND2P4
ENSG00000235646,MTND1P2
ENSG00000225959,MTND4P3
ENSG00000230999,MTND5P8
ENSG00000232922,MTND6P24
ENSG00000224042,MTND4P6
ENSG00000224354,MTND2P5
ENSG00000239648,MTND1P3
ENSG00000253257,MTND4P7
ENSG00000254015,MTND4LP26
ENSG00000254346,MTND1P6
ENSG00000254090,MTND2P32
ENSG00000254384,MTND6P19
ENSG00000253685,MTND5P41
ENSG00000253828,MTND2P38
ENSG00000282321,MTND1P7
ENSG00000254156,MTND6P20
ENSG00000253795,MTND1P5
ENSG00000253970,MTND2P7
ENSG00000235039,MTND6P12
ENSG00000231947,MTND2P24
ENSG00000238047,MTND1P30
ENSG00000235170,MTND1P31
ENSG00000228182,MTND2P25
ENSG00000235382,MTND4P31
ENSG00000234901,MTND6P13
ENSG00000232282,MTND1P32
ENSG00000229954,MTND2P2
ENSG00000226056,MTND4P32
ENSG00000234886,MTND5P26
ENSG00000227649,MTND6P32
ENSG00000231501,MTND4LP1
ENSG00000232177,MTND4P24
ENSG00000235539,MTND1P33
ENSG00000230130,MTND2P39
ENSG00000227730,MTND6P5
ENSG00000228166,MTND1P11
ENSG00000236254,MTND4P14
ENSG00000230225,MTND5P14
ENSG00000237257,MTND2P8
ENSG00000225901,MTND2P9
ENSG00000238288,MTND3P23
ENSG00000240791,MTND4LP7
ENSG00000227321,MTND4P15
ENSG00000230302,MTND3P4
ENSG00000237124,MTND2P11
ENSG00000223955,MTND6P1
ENSG00000226529,MTND1P1
ENSG00000234850,MTND2P3
ENSG00000225433,MTND1P12
ENSG00000228995,MTND1P9
ENSG00000283456,MTND1P37
ENSG00000230818,MTND2P16
ENSG00000235940,MTND1P21
ENSG00000234163,MTND4LP11
ENSG00000236626,MTND5P17
ENSG00000228694,MTND4P18
ENSG00000225276,MTND1P18
ENSG00000231152,MTND2P15
ENSG00000226794,MTND1P20
ENSG00000283578,MTND5P42
ENSG00000230338,MTND4P19
ENSG00000233377,MTND4P20
ENSG00000223431,MTND6P21
ENSG00000227999,MTND5P1
ENSG00000233764,MTCO1P20
ENSG00000231576,MTCO2P20
ENSG00000225557,MTCO3P20
ENSG00000254895,MTCO3P15
ENSG00000255417,MTCO2P15
ENSG00000255350,MTCO1P15
ENSG00000232102,MTCO3P2
ENSG00000230009,MTCO2P3
ENSG00000259045,MTCO1P2
ENSG00000259651,MTCO3P23
ENSG00000262118,MTCO1P28
ENSG00000262158,MTCO3P24
ENSG00000224254,MTCO1P39
ENSG00000264316,MTCO3P13
ENSG00000262902,MTCO1P40
ENSG00000267541,MTCO2P2
ENSG00000232579,MTCO1P27
ENSG00000230321,MTCO2P27
ENSG00000237973,MTCO1P12
ENSG00000229344,MTCO2P12
ENSG00000198744,MTCO3P12
ENSG00000232198,MTCO2P34
ENSG00000232752,MTCO3P21
ENSG00000236689,MTCO2P21
ENSG00000226960,MTCO1P21
ENSG00000232551,MTCO1P14
ENSG00000235761,MTCO3P46
ENSG00000283174,MTCO1P38
ENSG00000230327,MTCO1P42
ENSG00000237055,MTCO1P48
ENSG00000232128,MTCO3P45
ENSG00000228898,MTCO1P43
ENSG00000227788,MTCO3P43
ENSG00000236211,MTCO1P7
ENSG00000230496,MTCO2P7
ENSG00000249997,MTCO3P7
ENSG00000227661,MTCO3P18
ENSG00000234480,MTCO2P18
ENSG00000237910,MTCO1P18
ENSG00000227149,MTCO1P44
ENSG00000225476,MTCO3P5
ENSG00000231766,MTCO2P5
ENSG00000232982,MTCO1P45
ENSG00000234842,MTCO2P16
ENSG00000227736,MTCO3P16
ENSG00000223619,MTCO1P17
ENSG00000233888,MTCO2P17
ENSG00000237542,MTCO3P17
ENSG00000233311,MTCO1P54
ENSG00000236007,MTCO1P46
ENSG00000233026,MTCO1P5
ENSG00000240951,MTCO2P6
ENSG00000240309,MTCO1P6
ENSG00000242836,MTCO3P35
ENSG00000250630,MTCO1P35
ENSG00000240452,MTCO1P29
ENSG00000243257,MTCO2P29
ENSG00000242456,MTCO3P38
ENSG00000248654,MTCO3P44
ENSG00000268736,MTCO3P39
ENSG00000268391,MTCO3P42
ENSG00000251430,MTCO3P27
ENSG00000248328,MTCO3P28
ENSG00000249698,MTCO3P9
ENSG00000249386,MTCO2P9
ENSG00000251223,MTCO1P9
ENSG00000248951,MTCO2P32
ENSG00000248729,MTCO1P30
ENSG00000250808,MTCO2P30
ENSG00000251476,MTCO1P31
ENSG00000249990,MTCO2P24
ENSG00000249448,MTCO1P24
ENSG00000270388,MTCO3P22
ENSG00000270225,MTCO2P22
ENSG00000271207,MTCO1P22
ENSG00000217083,MTCO2P33
ENSG00000235040,MTCO3P1
ENSG00000220340,MTCO1P56
ENSG00000217160,MTCO2P31
ENSG00000217044,MTCO3P31
ENSG00000231537,MTCO3P10
ENSG00000236692,MTCO1P10
ENSG00000284291,MTCO2P10
ENSG00000228851,MTCO3P4
ENSG00000233385,MTCO3P8
ENSG00000234234,MTCO2P8
ENSG00000234700,MTCO1P8
ENSG00000237466,MTCO3P41
ENSG00000232975,MTCO1P57
ENSG00000230654,MTCO2P25
ENSG00000229031,MTCO1P25
ENSG00000241926,MTCO1P55
ENSG00000253556,MTCO1P4
ENSG00000253977,MTCO2P4
ENSG00000254241,MTCO1P47
ENSG00000253916,MTCO1P49
ENSG00000229760,MTCO1P52
ENSG00000237300,MTCO1P19
ENSG00000237628,MTCO2P19
ENSG00000224471,MTCO3P19
ENSG00000230916,MTCO1P53
ENSG00000224083,MTCO1P11
ENSG00000235917,MTCO2P11
ENSG00000237711,MTCO3P11
ENSG00000229080,MTCO3P30
ENSG00000232981,MTCO1P51
ENSG00000228046,MTCO3P40
ENSG00000228069,MTCO3P29
ENSG00000229690,MTCO2P1
ENSG00000235803,MTCO2P23
ENSG00000235524,MTCO1P23
ENSG00000280243,MTCO1P1
ENSG00000228930,MTCO1P3
ENSG00000200985,RNA5SP493
ENSG00000222585,RNA5SP494
ENSG00000252267,RNA5SP495
ENSG00000212542,RNA5SP496
ENSG00000251890,RNA5SP497
ENSG00000202147,RNA5SP329
ENSG00000252905,RNA5SP330
ENSG00000201856,RNA5SP331
ENSG00000212365,RNA5SP332
ENSG00000200336,RNA5SP333
ENSG00000201695,RNA5SP334
ENSG00000200687,RNA5SP335
ENSG00000201059,RNA5SP336
ENSG00000252816,RNA5SP337
ENSG00000222427,RNA5SP338
ENSG00000212289,RNA5SP339
ENSG00000252941,RNA5SP340
ENSG00000252070,RNA5SP341
ENSG00000252902,RNA5SP342
ENSG00000284736,RNA5SP343
ENSG00000223013,RNA5SP344
ENSG00000222578,RNA5SP345
ENSG00000200411,RNA5SP346
ENSG00000199315,RNA5SP347
ENSG00000274097,RNA5SP535
ENSG00000200613,RNA5SP349
ENSG00000200168,RNA5SP350
ENSG00000238965,RNA5SP351
ENSG00000200278,RNA5SP352
ENSG00000201476,RNA5SP353
ENSG00000212549,RNA5SP354
ENSG00000202187,RNA5SP355
ENSG00000251781,RNA5SP356
ENSG00000272435,RNA5SP357
ENSG00000199843,RNA5SP358
ENSG00000201708,RNA5SP359
ENSG00000252364,RNA5SP360
ENSG00000199556,RNA5SP361
ENSG00000251857,RNA5SP362
ENSG00000201942,RNA5SP363
ENSG00000252747,RNA5SP364
ENSG00000252207,RNA5SP365
ENSG00000202324,RNA5SP366
ENSG00000252366,RNA5SP367
ENSG00000201168,RNA5SP368
ENSG00000223046,RNA5SP369
ENSG00000199415,RNA5SP370
ENSG00000222302,RNA5SP371
ENSG00000212138,RNA5SP372
ENSG00000253080,RNA5SP373
ENSG00000199809,RNA5SP374
ENSG00000199845,RNA5SP375
ENSG00000212251,RNA5SP376
ENSG00000212154,RNA5SP377
ENSG00000200516,RNA5SP378
ENSG00000201469,RNA5SP379
ENSG00000252287,RNA5SP24
ENSG00000222747,RNA5SP25
ENSG00000199276,RNA5SP26
ENSG00000200709,RNA5SP27
ENSG00000200711,RNA5SP28
ENSG00000222920,RNA5SP29
ENSG00000202422,RNA5SP30
ENSG00000223076,RNA5SP31
ENSG00000252496,RNA5SP33
ENSG00000252696,RNA5SP34
ENSG00000212559,RNA5SP35
ENSG00000222129,RNA5SP36
ENSG00000202290,RNA5SP37
ENSG00000222682,RNA5SP38
ENSG00000223177,RNA5SP39
ENSG00000252999,RNA5SP380
ENSG00000200225,RNA5SP382
ENSG00000199804,RNA5SP383
ENSG00000252424,RNA5SP384
ENSG00000251756,RNA5SP385
ENSG00000272253,RNA5SP386
ENSG00000201096,RNA5SP387
ENSG00000199454,RNA5SP388
ENSG00000199480,RNA5SP389
ENSG00000222123,RNA5SP390
ENSG00000200326,RNA5SP391
ENSG00000252714,RNA5SP392
ENSG00000200293,RNA5SP393
ENSG00000201086,RNA5SP394
ENSG00000252376,RNA5SP395
ENSG00000201704,RNA5SP396
ENSG00000212625,RNA5SP397
ENSG00000200873,RNA5SP399
ENSG00000252964,RNA5SP400
ENSG00000251729,RNA5SP401
ENSG00000252957,RNA5SP402
ENSG00000200468,RNA5SP403
ENSG00000252927,RNA5SP404
ENSG00000199929,RNA5SP405
ENSG00000200434,RNA5-8SP2
ENSG00000251915,RNA5SP406
ENSG00000222207,RNA5SP407
ENSG00000251924,RNA5SP408
ENSG00000252624,RNA5SP409
ENSG00000252094,RNA5SP410
ENSG00000276599,RNA5SP411
ENSG00000277004,RNA5SP412
ENSG00000252182,RNA5SP413
ENSG00000274228,RNA5SP414
ENSG00000253055,RNA5SP415
ENSG00000252647,RNA5SP416
ENSG00000252268,RNA5SP417
ENSG00000251760,RNA5SP418
ENSG00000251717,RNA5SP419
ENSG00000252806,RNA5SP420
ENSG00000252673,RNA5SP421
ENSG00000252587,RNA5SP422
ENSG00000252936,RNA5SP423
ENSG00000222268,RNA5SP425
ENSG00000199771,RNA5SP426
ENSG00000202193,RNA5SP427
ENSG00000201999,RNA5SP428
ENSG00000200558,RNA5SP429
ENSG00000199299,RNA5SP430
ENSG00000222244,RNA5SP431
ENSG00000199350,RNA5SP432
ENSG00000201361,RNA5SP433
ENSG00000252456,RNA5SP434
ENSG00000200914,RNA5SP435
ENSG00000251829,RNA5SP436
ENSG00000253058,RNA5SP437
ENSG00000252370,RNA5SP438
ENSG00000274164,RNA5SP439
ENSG00000274663,RNA5SP526
ENSG00000276036,RNA5SP440
ENSG00000252618,RNA5SP441
ENSG00000201920,RNA5SP442
ENSG00000199953,RNA5SP443
ENSG00000252653,RNA5SP444
ENSG00000251698,RNA5SP445
ENSG00000251764,RNA5SP446
ENSG00000200619,RNA5SP447
ENSG00000200021,RNA5SP448
ENSG00000252680,RNA5SP449
ENSG00000223138,RNA5SP450
ENSG00000222520,RNA5SP451
ENSG00000199874,RNA5SP452
ENSG00000199373,RNA5SP453
ENSG00000253040,RNA5SP454
ENSG00000202060,RNA5SP455
ENSG00000200872,RNA5SP456
ENSG00000200527,RNA5SP457
ENSG00000251997,RNA5SP458
ENSG00000252437,RNA5SP459
ENSG00000252598,RNA5SP460
ENSG00000252260,RNA5SP461
ENSG00000252539,RNA5SP462
ENSG00000252060,RNA5SP464
ENSG00000212497,RNA5SP465
ENSG00000252546,RNA5SP466
ENSG00000212576,RNA5SP467
ENSG00000252591,RNA5SP468
ENSG00000201035,RNA5SP469
ENSG00000201966,RNA5-8SP4
ENSG00000252272,RNA5SP470
ENSG00000252780,RNA5SP471
ENSG00000200738,RNA5SP472
ENSG00000252211,RNA5SP473
ENSG00000252956,RNA5SP40
ENSG00000222952,RNA5SP41
ENSG00000201148,RNA5SP42
ENSG00000252368,RNA5SP43
ENSG00000222378,RNA5SP44
ENSG00000252563,RNA5SP45
ENSG00000199240,RNA5SP46
ENSG00000253039,RNA5SP47
ENSG00000200839,RNA5SP48
ENSG00000252259,RNA5SP49
ENSG00000200601,RNA5SP50
ENSG00000251785,RNA5SP20
ENSG00000222849,RNA5SP21
ENSG00000202263,RNA5SP22
ENSG00000212308,RNA5SP23
ENSG00000201620,RNA5SP51
ENSG00000199318,RNA5SP52
ENSG00000212601,RNA5SP53
ENSG00000252760,RNA5SP54
ENSG00000252510,RNA5SP55
ENSG00000222209,RNA5SP56
ENSG00000252830,RNA5SP533
ENSG00000276442,RNA5SP529
ENSG00000222854,RNA5SP59
ENSG00000274408,RNA5SP536
ENSG00000238765,RNA5SP57
ENSG00000222552,RNA5SP60
ENSG00000252262,RNA5SP61
ENSG00000200327,RNA5SP62
ENSG00000212527,RNA5SP63
ENSG00000207341,RNA5SP64
ENSG00000200036,RNA5SP65
ENSG00000252987,RNA5SP66
ENSG00000252231,RNA5SP67
ENSG00000200755,RNA5SP68
ENSG00000201347,RNA5SP69
ENSG00000252977,RNA5SP70
ENSG00000201312,RNA5SP72
ENSG00000252553,RNA5SP73
ENSG00000200408,RNA5SP74
ENSG00000252650,RNA5SP75
ENSG00000274059,RNA5SP534
ENSG00000252086,RNA5SP76
ENSG00000202264,RNA5SP77
ENSG00000202056,RNA5SP19
ENSG00000251823,RNA5SP162
ENSG00000199352,RNA5S1
ENSG00000201588,RNA5S2
ENSG00000199337,RNA5S3
ENSG00000200381,RNA5S4
ENSG00000199396,RNA5S5
ENSG00000200624,RNA5S6
ENSG00000202521,RNA5S7
ENSG00000200343,RNA5S8
ENSG00000201321,RNA5S9
ENSG00000199910,RNA5S10
ENSG00000199334,RNA5S11
ENSG00000199270,RNA5S12
ENSG00000202526,RNA5S13
ENSG00000201355,RNA5S14
ENSG00000201925,RNA5S15
ENSG00000202257,RNA5S16
ENSG00000200370,RNA5S17
ENSG00000212237,RNA5SP18
ENSG00000201492,RNA5SP78
ENSG00000202063,RNA5SP79
ENSG00000222407,RNA5SP80
ENSG00000252516,RNA5SP82
ENSG00000201610,RNA5SP84
ENSG00000212171,RNA5SP86
ENSG00000206882,RNA5SP87
ENSG00000202430,RNA5SP88
ENSG00000222232,RNA5SP89
ENSG00000201671,RNA5SP90
ENSG00000212204,RNA5SP91
ENSG00000252246,RNA5SP92
ENSG00000199395,RNA5SP93
ENSG00000252726,RNA5SP94
ENSG00000222251,RNA5SP95
ENSG00000251850,RNA5SP96
ENSG00000201876,RNA5SP97
ENSG00000200028,RNA5SP98
ENSG00000200890,RNA5SP99
ENSG00000222835,RNA5SP100
ENSG00000252845,RNA5SP101
ENSG00000252674,RNA5SP102
ENSG00000238379,RNA5SP103
ENSG00000202174,RNA5-8SP5
ENSG00000222921,RNA5SP104
ENSG00000212425,RNA5SP105
ENSG00000253083,RNA5SP106
ENSG00000223290,RNA5SP107
ENSG00000271924,RNA5SP108
ENSG00000212312,RNA5SP109
ENSG00000199508,RNA5SP110
ENSG00000223318,RNA5SP111
ENSG00000251746,RNA5SP112
ENSG00000222418,RNA5SP113
ENSG00000200650,RNA5SP114
ENSG00000223092,RNA5SP115
ENSG00000251941,RNA5SP116
ENSG00000202164,RNA5SP117
ENSG00000222317,RNA5SP118
ENSG00000199585,RNA5SP119
ENSG00000222832,RNA5SP120
ENSG00000252346,RNA5SP121
ENSG00000207186,RNA5SP122
ENSG00000200114,RNA5SP123
ENSG00000199609,RNA5SP124
ENSG00000201713,RNA5SP125
ENSG00000201962,RNA5SP126
ENSG00000222983,RNA5SP127
ENSG00000202175,RNA5SP128
ENSG00000222208,RNA5SP129
ENSG00000201301,RNA5SP130
ENSG00000202322,RNA5SP131
ENSG00000201595,RNA5SP132
ENSG00000200238,RNA5SP133
ENSG00000252301,RNA5SP134
ENSG00000252828,RNA5SP135
ENSG00000222838,RNA5SP136
ENSG00000252642,RNA5SP137
ENSG00000201968,RNA5SP138
ENSG00000201210,RNA5SP139
ENSG00000201394,RNA5SP140
ENSG00000201413,RNA5SP141
ENSG00000201325,RNA5SP142
ENSG00000252745,RNA5SP143
ENSG00000222778,RNA5SP144
ENSG00000199994,RNA5SP145
ENSG00000222675,RNA5SP146
ENSG00000252302,RNA5SP147
ENSG00000252336,RNA5SP148
ENSG00000201822,RNA5SP149
ENSG00000199839,RNA5SP150
ENSG00000202502,RNA5SP151
ENSG00000202054,RNA5SP152
ENSG00000252307,RNA5SP153
ENSG00000252002,RNA5SP154
ENSG00000223086,RNA5SP155
ENSG00000222182,RNA5SP156
ENSG00000251816,RNA5SP157
ENSG00000222230,RNA5SP158
ENSG00000252970,RNA5SP159
ENSG00000201736,RNA5SP160
ENSG00000200741,RNA5SP161
ENSG00000274759,RNA5SP527
ENSG00000222236,RNA5SP163
ENSG00000252342,RNA5SP164
ENSG00000252951,RNA5SP165
ENSG00000201846,RNA5SP166
ENSG00000202331,RNA5SP167
ENSG00000252451,RNA5SP168
ENSG00000253077,RNA5SP169
ENSG00000252959,RNA5SP170
ENSG00000212373,RNA5SP171
ENSG00000201931,RNA5SP172
ENSG00000201727,RNA5SP173
ENSG00000199572,RNA5SP174
ENSG00000201145,RNA5SP175
ENSG00000212258,RNA5SP176
ENSG00000222054,RNA5SP177
ENSG00000222312,RNA5SP178
ENSG00000253093,RNA5SP179
ENSG00000251990,RNA5SP180
ENSG00000222178,RNA5SP181
ENSG00000251873,RNA5SP182
ENSG00000199322,RNA5SP183
ENSG00000223003,RNA5SP184
ENSG00000212265,RNA5SP185
ENSG00000252833,RNA5SP186
ENSG00000207129,RNA5SP187
ENSG00000199786,RNA5SP188
ENSG00000201790,RNA5SP189
ENSG00000202092,RNA5SP190
ENSG00000199455,RNA5SP191
ENSG00000201274,RNA5SP192
ENSG00000222285,RNA5SP193
ENSG00000201532,RNA5SP194
ENSG00000199545,RNA5SP195
ENSG00000280646,RNA5SP196
ENSG00000200227,RNA5SP197
ENSG00000222308,RNA5SP198
ENSG00000200275,RNA5SP199
ENSG00000252169,RNA5SP200
ENSG00000222248,RNA5SP201
ENSG00000201185,RNA5SP202
ENSG00000222383,RNA5SP203
ENSG00000201415,RNA5SP204
ENSG00000201523,RNA5SP205
ENSG00000252512,RNA5SP206
ENSG00000212176,RNA5SP207
ENSG00000251965,RNA5SP208
ENSG00000223169,RNA5SP209
ENSG00000212336,RNA5SP210
ENSG00000202386,RNA5SP211
ENSG00000212525,RNA5SP212
ENSG00000212333,RNA5SP213
ENSG00000200248,RNA5SP214
ENSG00000200310,RNA5SP215
ENSG00000251920,RNA5SP216
ENSG00000251768,RNA5SP217
ENSG00000200058,RNA5SP218
ENSG00000212242,RNA5SP219
ENSG00000252107,RNA5SP220
ENSG00000223203,RNA5SP221
ENSG00000222971,RNA5SP222
ENSG00000202044,RNA5SP223
ENSG00000201939,RNA5SP224
ENSG00000222806,RNA5SP225
ENSG00000199523,RNA5SP226
ENSG00000251993,RNA5SP227
ENSG00000252041,RNA5SP228
ENSG00000222741,RNA5SP229
ENSG00000252848,RNA5SP230
ENSG00000222428,RNA5SP231
ENSG00000201014,RNA5SP232
ENSG00000238391,RNA5SP233
ENSG00000200786,RNA5SP234
ENSG00000202281,RNA5SP235
ENSG00000251978,RNA5SP236
ENSG00000222346,RNA5SP237
ENSG00000202334,RNA5SP238
ENSG00000222150,RNA5SP239
ENSG00000202225,RNA5SP240
ENSG00000212628,RNA5SP241
ENSG00000201041,RNA5SP242
ENSG00000252866,RNA5SP243
ENSG00000212238,RNA5SP244
ENSG00000201109,RNA5SP245
ENSG00000239021,RNA5SP246
ENSG00000223113,RNA5SP247
ENSG00000202472,RNA5SP248
ENSG00000251936,RNA5SP249
ENSG00000222546,RNA5SP251
ENSG00000212433,RNA5SP252
ENSG00000252029,RNA5SP253
ENSG00000252535,RNA5SP254
ENSG00000252179,RNA5SP255
ENSG00000212280,RNA5SP256
ENSG00000274467,RNA5SP257
ENSG00000199620,RNA5SP258
ENSG00000202411,RNA5SP259
ENSG00000200719,RNA5SP260
ENSG00000222468,RNA5SP261
ENSG00000252261,RNA5SP262
ENSG00000200246,RNA5SP263
ENSG00000199985,RNA5SP264
ENSG00000277418,RNA5SP531
ENSG00000222955,RNA5SP265
ENSG00000222205,RNA5SP266
ENSG00000201763,RNA5SP267
ENSG00000252637,RNA5SP268
ENSG00000239184,RNA5SP269
ENSG00000223293,RNA5SP270
ENSG00000252509,RNA5SP271
ENSG00000251904,RNA5SP272
ENSG00000199354,RNA5SP273
ENSG00000222416,RNA5SP274
ENSG00000200806,RNA5SP275
ENSG00000199450,RNA5SP276
ENSG00000202356,RNA5SP277
ENSG00000252864,RNA5SP278
ENSG00000223274,RNA5SP498
ENSG00000200852,RNA5SP499
ENSG00000201356,RNA5SP500
ENSG00000222922,RNA5SP501
ENSG00000199564,RNA5SP502
ENSG00000252856,RNA5SP503
ENSG00000222608,RNA5SP504
ENSG00000201618,RNA5SP505
ENSG00000200473,RNA5SP507
ENSG00000223259,RNA5SP508
ENSG00000201447,RNA5SP509
ENSG00000201567,RNA5SP510
ENSG00000222419,RNA5SP511
ENSG00000201420,RNA5SP512
ENSG00000201518,RNA5SP513
ENSG00000200587,RNA5SP514
ENSG00000201440,RNA5SP515
ENSG00000201000,RNA5SP516
ENSG00000201594,RNA5SP517
ENSG00000201285,RNA5SP524
ENSG00000212595,RNA5SP525
ENSG00000202383,RNA5SP279
ENSG00000223162,RNA5SP280
ENSG00000252313,RNA5SP281
ENSG00000252164,RNA5SP282
ENSG00000277049,RNA5SP530
ENSG00000202474,RNA5SP283
ENSG00000207277,RNA5SP284
ENSG00000252428,RNA5SP285
ENSG00000212454,RNA5SP286
ENSG00000252167,RNA5SP287
ENSG00000251884,RNA5SP288
ENSG00000199202,RNA5SP289
ENSG00000252942,RNA5SP290
ENSG00000253031,RNA5SP291
ENSG00000212276,RNA5SP292
ENSG00000222459,RNA5SP293
ENSG00000223238,RNA5SP294
ENSG00000199525,RNA5SP295
ENSG00000222455,RNA5SP296
ENSG00000251766,RNA5SP518
ENSG00000252289,RNA5SP519
ENSG00000251705,RNA5-8SP6
ENSG00000252315,RNA5SP520
ENSG00000252012,RNA5SP521
ENSG00000251953,RNA5SP522
ENSG00000252667,RNA5SP523
ENSG00000212536,RNA5SP474
ENSG00000200313,RNA5-8SP7
ENSG00000222500,RNA5SP475
ENSG00000252422,RNA5SP476
ENSG00000199509,RNA5SP477
ENSG00000201527,RNA5SP478
ENSG00000201728,RNA5SP479
ENSG00000283433,RNA5SP532
ENSG00000275305,RNA5SP528
ENSG00000252649,RNA5SP480
ENSG00000252623,RNA5SP481
ENSG00000212571,RNA5SP482
ENSG00000200301,RNA5SP483
ENSG00000238908,RNA5SP484
ENSG00000201923,RNA5SP485
ENSG00000251770,RNA5SP486
ENSG00000222118,RNA5SP487
ENSG00000212331,RNA5SP297
ENSG00000201861,RNA5SP298
ENSG00000212505,RNA5SP299
ENSG00000212499,RNA5SP300
ENSG00000199407,RNA5SP301
ENSG00000201766,RNA5SP302
ENSG00000252001,RNA5SP303
ENSG00000223131,RNA5SP304
ENSG00000199535,RNA5SP305
ENSG00000223019,RNA5SP306
ENSG00000199733,RNA5SP307
ENSG00000199402,RNA5SP308
ENSG00000252479,RNA5SP309
ENSG00000239152,RNA5SP310
ENSG00000238405,RNA5SP311
ENSG00000252877,RNA5SP312
ENSG00000252149,RNA5SP315
ENSG00000222108,RNA5SP317
ENSG00000252161,RNA5SP318
ENSG00000199638,RNA5SP319
ENSG00000252072,RNA5SP320
ENSG00000199592,RNA5SP321
ENSG00000200487,RNA5SP322
ENSG00000212396,RNA5SP323
ENSG00000202047,RNA5SP324
ENSG00000200626,RNA5SP325
ENSG00000200079,RNA5SP326
ENSG00000199364,RNA5SP327
ENSG00000222740,RNA5SP328
ENSG00000278233,RNA5-8SN2
ENSG00000275215,RNA5-8SN3
ENSG00000278189,RNA5-8SN1
ENSG00000201812,RNA5SP488
ENSG00000238627,RNA5SP489
ENSG00000252950,RNA5SP490
ENSG00000199806,RNA5SP491
ENSG00000223262,RNA5SP492
